{
  "properties": {
    "connectionReferences": {
      "shared_powerbi-1": {
        "api": {
          "name": "shared_powerbi"
        },
        "connection": {
          "connectionReferenceLogicalName": "fb_sharedpowerbi_e54b4"
        },
        "runtimeSource": "embedded"
      },
      "shared_office365_1": {
        "api": {
          "name": "shared_office365"
        },
        "connection": {
          "connectionReferenceLogicalName": "fb_sharedoffice365_ab875"
        },
        "runtimeSource": "embedded"
      }
    },
    "definition": {
      "$schema": "https://schema.management.azure.com/providers/Microsoft.Logic/schemas/2016-06-01/workflowdefinition.json#",
      "contentVersion": "undefined",
      "parameters": {
        "$authentication": {
          "defaultValue": {},
          "type": "SecureObject"
        },
        "$connections": {
          "defaultValue": {},
          "type": "Object"
        }
      },
      "triggers": {
        "Recurrence": {
          "type": "Recurrence",
          "recurrence": {
            "frequency": "Day",
            "interval": 1,
            "timeZone": "Romance Standard Time",
            "startTime": "2024-04-10T06:00:00Z"
          },
          "metadata": {
            "operationMetadataId": "11cd0ab9-8aa0-4465-9c6b-f4b3e1fcb92c"
          }
        }
      },
      "actions": {
        "Run_a_query_against_a_dataset": {
          "type": "OpenApiConnection",
          "inputs": {
            "parameters": {
              "groupid": "c443e128-7455-41bd-a9c1-c2f293c133d3",
              "datasetid": "80e28ebd-8d41-4618-ba07-e1b3043840af",
              "specification/query": "// DAX Query\nDEFINE\n\tVAR __DS0FilterTable = \n\t\tFILTER(\n\t\t\tKEEPFILTERS(VALUES('blog_summaries'[published])),\n\t\t\tAND(\n\t\t\t\t'blog_summaries'[published] >= TODAY()-1,\n\t\t\t\t'blog_summaries'[published] < TODAY()\n\t\t\t)\n\t\t)\n\n\tVAR __DS0Core = \n\t\tSELECTCOLUMNS(\n\t\t\tKEEPFILTERS(\n\t\t\t\tFILTER(\n\t\t\t\t\tKEEPFILTERS(\n\t\t\t\t\t\tSUMMARIZECOLUMNS(\n\t\t\t\t\t\t\t'blogs'[Title],\n\t\t\t\t\t\t\t'blog_summaries'[published],\n\t\t\t\t\t\t\t'blog_summaries'[link],\n\t\t\t\t\t\t\t'blog_summaries'[author],\n\t\t\t\t\t\t\t'blog_summaries'[summary],\n\t\t\t\t\t\t\t'blog_summaries'[title],\n\t\t\t\t\t\t\t__DS0FilterTable,\n\t\t\t\t\t\t\t\"CountRowsblog_summaries\", COUNTROWS('blog_summaries')\n\t\t\t\t\t\t)\n\t\t\t\t\t),\n\t\t\t\t\tOR(\n\t\t\t\t\t\tOR(\n\t\t\t\t\t\t\tOR(\n\t\t\t\t\t\t\t\tOR(\n\t\t\t\t\t\t\t\t\tOR(\n\t\t\t\t\t\t\t\t\t\tNOT(ISBLANK('blogs'[Title])),\n\t\t\t\t\t\t\t\t\t\tNOT(ISBLANK('blog_summaries'[published]))\n\t\t\t\t\t\t\t\t\t),\n\t\t\t\t\t\t\t\t\tNOT(ISBLANK('blog_summaries'[link]))\n\t\t\t\t\t\t\t\t),\n\t\t\t\t\t\t\t\tNOT(ISBLANK('blog_summaries'[author]))\n\t\t\t\t\t\t\t),\n\t\t\t\t\t\t\tNOT(ISBLANK('blog_summaries'[summary]))\n\t\t\t\t\t\t),\n\t\t\t\t\t\tNOT(ISBLANK('blog_summaries'[title]))\n\t\t\t\t\t)\n\t\t\t\t)\n\t\t\t),\n\t\t\t\"'blogs'[Title]\", 'blogs'[Title],\n\t\t\t\"'blog_summaries'[published]\", 'blog_summaries'[published],\n\t\t\t\"'blog_summaries'[link]\", 'blog_summaries'[link],\n\t\t\t\"'blog_summaries'[author]\", 'blog_summaries'[author],\n\t\t\t\"'blog_summaries'[summary]\", 'blog_summaries'[summary],\n\t\t\t\"'blog_summaries'[title]\", 'blog_summaries'[title]\n\t\t)\n\n\tVAR __DS0PrimaryWindowed = \n\t\tTOPN(\n\t\t\t501,\n\t\t\t__DS0Core,\n\t\t\t'blogs'[Title],\n\t\t\t1,\n\t\t\t'blog_summaries'[published],\n\t\t\t1,\n\t\t\t'blog_summaries'[link],\n\t\t\t1,\n\t\t\t'blog_summaries'[author],\n\t\t\t1,\n\t\t\t'blog_summaries'[summary],\n\t\t\t1,\n\t\t\t'blog_summaries'[title],\n\t\t\t1\n\t\t)\n\nEVALUATE\n\t__DS0PrimaryWindowed\n\nORDER BY\n\t'blogs'[Title],\n\t'blog_summaries'[published],\n\t'blog_summaries'[link],\n\t'blog_summaries'[author],\n\t'blog_summaries'[summary],\n\t'blog_summaries'[title]\n",
              "specification/serializerSettings/includeNulls": false
            },
            "host": {
              "apiId": "/providers/Microsoft.PowerApps/apis/shared_powerbi",
              "operationId": "ExecuteDatasetQuery",
              "connectionName": "shared_powerbi-1"
            }
          },
          "runAfter": {},
          "metadata": {
            "operationMetadataId": "1df47413-a7cd-4344-8126-f70749302e11"
          }
        },
        "Initialize_and_set_Blogs_variable": {
          "type": "InitializeVariable",
          "inputs": {
            "variables": [
              {
                "name": "Blogs",
                "type": "array",
                "value": "@outputs('Run_a_query_against_a_dataset')?['body/firstTableRows']"
              }
            ]
          },
          "runAfter": {
            "Run_a_query_against_a_dataset": [
              "Succeeded"
            ]
          },
          "metadata": {
            "operationMetadataId": "85572125-107d-4586-9382-d3fac2a93533"
          }
        },
        "Condition": {
          "type": "If",
          "expression": {
            "and": [
              {
                "greater": [
                  "@length(variables('Blogs'))",
                  0
                ]
              }
            ]
          },
          "actions": {
            "For_each": {
              "type": "Foreach",
              "foreach": "@variables('Blogs')",
              "actions": {
                "Parse_JSON": {
                  "type": "ParseJson",
                  "inputs": {
                    "content": "@items('For_each')",
                    "schema": {
                      "type": "object",
                      "properties": {
                        "blogs[Title]": {
                          "type": "string"
                        },
                        "blog_summaries[published]": {
                          "type": "string"
                        },
                        "blog_summaries[link]": {
                          "type": "string"
                        },
                        "blog_summaries[author]": {
                          "type": "string"
                        },
                        "blog_summaries[summary]": {
                          "type": "string"
                        },
                        "blog_summaries[title]": {
                          "type": "string"
                        }
                      }
                    }
                  },
                  "metadata": {
                    "operationMetadataId": "106087ac-f3a1-4d27-9fb8-4691532564a4"
                  }
                },
                "Append_to_string_variable": {
                  "type": "AppendToStringVariable",
                  "inputs": {
                    "name": "Blogs HTML",
                    "value": "<p>\n<b><font size=\"+1\"><a href=\"@{body('Parse_JSON')?['blog_summaries[link]']}\">@{body('Parse_JSON')?['blog_summaries[title]']}</a></font></b><br>\nFrom the blog <b>@{body('Parse_JSON')?['blogs[Title]']}</b> and written by <i>@{body('Parse_JSON')?['blog_summaries[author]']}</i><br><br>\n@{body('Parse_JSON')?['blog_summaries[summary]']}\n</p>"
                  },
                  "runAfter": {
                    "Parse_JSON": [
                      "Succeeded"
                    ]
                  },
                  "metadata": {
                    "operationMetadataId": "02714f5c-d5cc-466a-bb31-a05846137996"
                  }
                }
              },
              "metadata": {
                "operationMetadataId": "d952e3d8-ce95-459d-937b-1d7da45cadc1"
              }
            },
            "Send_an_email_(V2)": {
              "type": "OpenApiConnection",
              "inputs": {
                "parameters": {
                  "emailMessage/To": "florian.boigner@microsoft.com",
                  "emailMessage/Subject": "[Blogs] New blogs from @{formatDateTime(addDays(utcnow(),-1), 'dd-MM-yyyy')}",
                  "emailMessage/Body": "<p class=\"editor-paragraph\"><img src=\"https://raw.githubusercontent.com/florianboigner/Blogs/refs/heads/main/resources/imgs/blogs_header.jpg\" alt=\"A relaxed Lego person drinkin coffee and reading the news.\"></p><p class=\"editor-paragraph\">This email was generated through the Blogs solution build with Microsoft Fabric.</p><p class=\"editor-paragraph\">@{variables('Blogs HTML')}</p><br><p class=\"editor-paragraph\">Thank you for using the <i><em class=\"editor-text-italic\">Blogs</em></i> solution. Any questions? Please contact <a href=\"mailto:florian.boigner@microsoft.com\" class=\"editor-link\">florian.boigner@microsoft.com</a></p><p class=\"editor-paragraph\"><img src=\"https://raw.githubusercontent.com/florianboigner/Blogs/refs/heads/main/resources/imgs/blogs_footer.jpg\" alt=\"A mix of lego style blocks representing the blogs logo.\"></p>",
                  "emailMessage/From": "blogs@analyticsinteal.com",
                  "emailMessage/Sensitivity": "defa4170-0d19-0005-0001-bc88714345d2",
                  "emailMessage/Importance": "Normal"
                },
                "host": {
                  "apiId": "/providers/Microsoft.PowerApps/apis/shared_office365",
                  "operationId": "SendEmailV2",
                  "connectionName": "shared_office365_1"
                }
              },
              "runAfter": {
                "For_each": [
                  "Succeeded"
                ]
              },
              "metadata": {
                "operationMetadataId": "fd7fd318-45ad-4d7d-928f-f2178608ebf3"
              }
            }
          },
          "else": {
            "actions": {}
          },
          "runAfter": {
            "Initialize_Blogs_HTML_variable": [
              "Succeeded"
            ]
          },
          "metadata": {
            "operationMetadataId": "3fd3dd59-dfa1-437f-89e4-4eeeb3ec76ef"
          }
        },
        "Initialize_Blogs_HTML_variable": {
          "type": "InitializeVariable",
          "inputs": {
            "variables": [
              {
                "name": "Blogs HTML",
                "type": "string"
              }
            ]
          },
          "runAfter": {
            "Initialize_and_set_Blogs_variable": [
              "Succeeded"
            ]
          },
          "metadata": {
            "operationMetadataId": "61741206-a7ca-4e74-8bfa-bb7e0a1d03f8"
          }
        }
      }
    },
    "templateName": null
  },
  "schemaVersion": "1.0.0.0"
}