{
  "properties": {
    "connectionReferences": {
      "shared_dataactivatorpreview": {
        "runtimeSource": "embedded",
        "connection": {
          "connectionReferenceLogicalName": "fb_shareddataactivatorpreview_5cc71"
        },
        "api": {
          "name": "shared_dataactivatorpreview"
        }
      },
      "shared_office365": {
        "runtimeSource": "embedded",
        "connection": {
          "connectionReferenceLogicalName": "fb_sharedoffice365_ab875"
        },
        "api": {
          "name": "shared_office365"
        }
      }
    },
    "definition": {
      "$schema": "https://schema.management.azure.com/providers/Microsoft.Logic/schemas/2016-06-01/workflowdefinition.json#",
      "contentVersion": "1.0.0.0",
      "parameters": {
        "$authentication": {
          "defaultValue": {},
          "type": "SecureObject"
        },
        "$connections": {
          "defaultValue": {},
          "type": "Object"
        }
      },
      "triggers": {
        "When_a_Data_Activator_trigger_fires": {
          "type": "OpenApiConnectionWebhook",
          "inputs": {
            "parameters": {
              "Connection-String": "gOQmE9_EFFRPNdEF68ZSIETdR9qjckwOfXcr2nxQ74EJOUwlj_HHqjf6vOk%7Cebc6522044dd47daa3724c0e7d772bda"
            },
            "host": {
              "apiId": "/providers/Microsoft.PowerApps/apis/shared_dataactivatorpreview",
              "connectionName": "shared_dataactivatorpreview",
              "operationId": "CreatePowerAutomateWorkflow"
            },
            "authentication": "@parameters('$authentication')"
          }
        }
      },
      "actions": {
        "Send_an_email_(V2)": {
          "runAfter": {},
          "type": "OpenApiConnection",
          "inputs": {
            "parameters": {
              "emailMessage/To": "florian.boigner@microsoft.com",
              "emailMessage/Subject": "[Blogs] Pipeline failed",
              "emailMessage/Body": "<p class=\"editor-paragraph\">The Blogs pipeline failed. Please verify the details.</p>",
              "emailMessage/Importance": "Normal"
            },
            "host": {
              "apiId": "/providers/Microsoft.PowerApps/apis/shared_office365",
              "connectionName": "shared_office365",
              "operationId": "SendEmailV2"
            },
            "authentication": "@parameters('$authentication')"
          }
        }
      },
      "outputs": {}
    },
    "templateName": null
  },
  "schemaVersion": "1.0.0.0"
}